Test ID,Feature,Scenario,Explanation,Preconditions,Steps,Expected behaviour,Priority,Roles
UAT-TYP-001,Form types,Create a survey,Surveys are the default multi-question form type.,User can create forms (space or global).,1. Open Forms → New form | 2. Choose Survey | 3. Enter a title and save,Studio opens on Form builder; form appears in list as Draft.,Must,Creator
UAT-TYP-002,Form types,Create a quick poll,Polls are limited to one answerable question.,Poll type enabled in module settings.,1. New form → Quick poll | 2. Add one radio/checkbox question | 3. Try adding a second question,Second answerable question is blocked or warned; poll can be embedded / show results after vote.,Must,Creator
UAT-TYP-003,Form types,Create from template,Templates seed structure without answers.,At least one saved template exists.,1. New form → choose template | 2. Save and open builder,Fields match template; no answers copied; type label may show Template.,Should,Creator
UAT-TYP-004,Form types,Longitudinal form uses waves,Longitudinal forms always use waves.,Longitudinal type enabled.,1. Create Longitudinal form | 2. Open Settings / Panel & waves,Waves are required; Panel & waves available after save.,Must,Creator
UAT-TYP-005,Form types,Consensus form has Rounds,Consensus collects one response per round.,Consensus type enabled.,1. Create Consensus form | 2. Open Rounds in Settings rail,Rounds section is available; one submission per person per round.,Must,Creator
UAT-TYP-006,Form types,Project form has Approval,Project records go through approval before catalogue.,Project type enabled.,1. Create Project form | 2. Open Approval in Settings rail | 3. Configure a stage,Approval stages can be saved; submissions require review before catalogue.,Must,Creator
UAT-BLD-001,Builder,Add and reorder fields,Palette adds fields; drag reorders canvas.,Open studio on Form builder.,"1. Click Text, Textarea, Radio from palette | 2. Drag to reorder | 3. Save",Order persists after reload; labels editable.,Must,Creator
UAT-BLD-002,Builder,Required field validation,Required fields block submit when empty.,Form Open with published edition; one required text field.,1. Open fill link | 2. Leave required blank and submit/next,Error shown; cannot continue until filled.,Must,Respondent
UAT-BLD-003,Builder,Choice options with codes,Each choice has Internal code and Participant label. Fill shows labels; answers CSV stores codes.,Radio or dropdown on canvas.,"1. Set Internal code yes with Participant label Yes, and no with No | 2. Save, fill, choose Yes | 3. Answers → Export CSV",Respondent sees Yes; answers CSV cell is yes (the code). Settings → Export column ticks do not change stored codes.,Must,Creator
UAT-BLD-004,Builder,Page breaks and multi-page fill,Page breaks split fill into pages.,Form with 2+ page breaks and questions on each page.,1. Preview or fill | 2. Use Next / Back | 3. Submit on last page,Pages advance correctly; Back restores prior answers.,Must,Respondent
UAT-BLD-005,Builder,Question group nesting,Groups nest questions; page break cannot sit inside a group.,Builder open.,1. Add Question group | 2. Add fields inside group | 3. Attempt page break inside group,Fields nest; page break inside group prevented or moved outside.,Should,Creator
UAT-BLD-006,Builder,Library save and reuse,Library stores reusable blocks across forms.,Two forms available.,1. Save a field/group to Library | 2. Open second form → Library tab | 3. Insert item,Block appears with same type/options; can edit independently after insert.,Should,Creator
UAT-BLD-007,Builder,Rich text / HTML blocks,Instruction blocks do not collect answers.,Builder open.,1. Add Rich text with instructions | 2. Fill and submit | 3. Check answers CSV,Instructions visible on fill; no answer column for that block.,Should,Creator
UAT-BLD-008,Builder,Clear all fields requires confirmation,Clear all must not wipe silently.,Form with several fields.,"1. Click Clear all fields | 2. Cancel confirm | 3. Confirm, then Save",Cancel keeps fields; confirm empties canvas; Save persists empty only after clear confirm.,Must,Creator
UAT-BLD-009,Builder,Contains personal data (PII) flag,Answer-collecting questions can be tagged Contains personal data so Scrub PII omits them from the answers CSV.,Studio Form builder open.,1. Add Email — Contains personal data is on | 2. Add Text — it is off | 3. Tick PII on the text field | 4. Add respondent-meta IP — PII is on | 5. Save and reload builder,Email and IP default on; ordinary text defaults off until ticked; ticks persist. Panel first-name/email also default on if you add those fields. User-agent metadata does not default on. Flag is hidden on page breaks and rich text.,Must,Creator
UAT-VAR-001,Variables & piping,Pipe previous answer into later label,Use {{answer:variable}} or field tokens in later questions.,Q1 text with variable name; Q2 label contains pipe token.,1. Answer Q1 as 'Alex' | 2. Go to Q2,Q2 label shows Alex (or configured token output).,Must,Respondent
UAT-VAR-002,Variables & piping,Pipe option label vs code,Label piping shows human text for choices.,Dropdown with codes; later rich text uses :label pipe.,1. Select an option | 2. View later page with pipe,"Piped text shows option label, not internal code.",Should,Respondent
UAT-VAR-003,Variables & piping,User and form tokens,{{user.*}} and {{form.title}} resolve for signed-in users.,Signed-in user; label with {{form.title}} and {{user.firstname}} if supported.,1. Open fill while logged in | 2. Open same as guest if anonymous allowed,Logged-in sees values; guest user tokens empty; form title still resolves.,Should,Respondent
UAT-VAR-004,Variables & piping,Set variable action,Field/page/submit actions can set variables for later pipes/emails.,Action 'set variable' on submit or field.,1. Configure set variable name=test_score value=1 | 2. Complete form | 3. Check thank-you or email using {{var:test_score}},Variable appears in thank-you/email content.,Should,Creator
UAT-VAR-005,Variables & piping,Carry-forward options,Later choice list can reuse earlier selections.,Two choice questions; second carries selected from first.,1. Select A and C on Q1 | 2. Open Q2,Q2 options reflect carry-forward rule (selected/unselected/all).,Should,Respondent
UAT-LOG-001,Logic,Show if equals,Question appears only when condition matches.,Q1 radio Yes/No; Q2 show if Q1=Yes.,1. Choose No → Q2 hidden | 2. Choose Yes → Q2 shown | 3. Submit with Yes path,Q2 only required/visible on Yes; No path submits without Q2.,Must,Respondent
UAT-LOG-002,Logic,Hide if equals,Hide action removes question from path.,Q2 hide if Q1=No.,1. Choose No | 2. Confirm Q2 not shown,Hidden question not required.,Must,Respondent
UAT-LOG-003,Logic,Page branch go to page,Page break branches skip pages.,Pages A→B→C; branch on A end: if X go to C.,1. Answer to trigger branch | 2. Click Next,"Land on C, not B; Back behaviour is sensible.",Must,Respondent
UAT-LOG-004,Logic,Go to end if,Branch can finish early.,Eligibility question with go-to-end if ineligible.,1. Choose ineligible | 2. Next,Form ends (thank-you/redirect); later pages not shown.,Must,Respondent
UAT-LOG-005,Logic,Group-level show/hide,Entire group visibility follows logic.,Question group with show-if rule.,1. Fail condition → group hidden | 2. Pass condition → all group fields shown,Group shows/hides together.,Should,Respondent
UAT-LOG-006,Logic,AND / OR combinators,Multiple rules combine as configured.,Two conditions with AND and a second test with OR.,1. Satisfy only one rule under AND → stay hidden | 2. Satisfy both → show | 3. Repeat for OR,Combinator behaviour matches settings.,Should,Creator
UAT-LOG-007,Logic,Submit actions run once,On-submit actions fire after successful submit.,Submit action: send email or set variable.,1. Complete form | 2. Check email/variable side effect,Action runs once per successful submit; not on preview if documented as excluded.,Should,Creator
UAT-SET-001,Settings — Basics,Draft vs Open vs Closed,Open needs published edition when versioning on.,Versioning enabled; form with fields.,1. Try Open without publish → blocked/warned | 2. Publish edition | 3. Set Open and save | 4. Set Closed,Open only after publish; Closed stops new submits; draft only managers/preview.,Must,Creator
UAT-SET-002,Settings — Basics,Who can view answers,Answers visibility modes restrict access.,Form with completed answer; second user without manage.,1. Set Author and managers only | 2. As respondent try Answers | 3. Switch to Managers and respondents,Access matches selected mode.,Must,Creator
UAT-SET-003,Settings — Access,Allow multiple submissions,Off blocks second submit.,Multiple off; user completed once.,1. Submit once | 2. Open fill again,Already-submitted message (and optional button) shown.,Must,Respondent
UAT-SET-004,Settings — Access,Anonymous submissions,Guests can fill when anonymous on and form Open.,Anonymous on; Open; published.,1. Open fill in private window logged out | 2. Submit,Submit succeeds; identity not stored as HumHub user.,Must,Respondent
UAT-SET-005,Settings — Access,Save and resume,In-progress can be resumed with code.,Save & resume on; multi-page form.,"1. Fill page 1, use save/continue later | 2. Note code | 3. Return later and resume",Answers restored; can finish submit.,Must,Respondent
UAT-SET-006,Settings — Access,Edit after submit,"When allow edit on, respondent can change own answer.",Allow edit on; user has completed.,1. Open form again | 2. Edit and save,"Changes stored; when off, confirmation only.",Should,Respondent
UAT-SET-007,Settings — Display,Hide title and progress,Participant display overrides site defaults.,Display section available.,1. Set Show form title = Hide | 2. Set progress = Hide | 3. Preview fill,Title/progress not shown on fill; other chrome unchanged.,Must,Creator
UAT-SET-008,Settings — Display,Use site default inherit,Empty overlay inherits admin defaults.,Admin default show title on.,1. Set form to Use site default | 2. Preview,Matches Administration → Modules → Thiscovery Forms display defaults.,Should,Creator
UAT-SET-009,Settings — Sharing,Hide HumHub header,Headerless fill for kiosk-style links.,Run without HumHub header on.,1. Open fill link,Site/space chrome hidden; form usable.,Should,Respondent
UAT-SET-010,Settings — Sharing,Show in side menu,Form appears in space/network menu when enabled.,Show in side menu on; form Open.,1. Save | 2. Check space menu / navigation,Menu entry opens fill.,Should,Creator
UAT-END-001,End of survey,Thank-you message and button,Message mode shows configurable thank-you + button.,Completion = Show message; custom HTML; button on with label/URL.,1. Submit form | 2. Read thank-you | 3. Click button,Custom message shown; button label correct; URL opens (blank URL → form).,Must,Respondent
UAT-END-002,End of survey,Redirect after submit,Redirect mode skips thank-you for live submits.,Completion = Redirect; valid https URL.,1. Submit (not preview) | 2. Observe navigation,Browser goes to redirect URL; preview still shows message note if designed so.,Must,Respondent
UAT-END-003,End of survey,Already submitted message and button,Blocked repeat submit uses custom copy + optional button.,Multiple off; custom already-submitted message; button enabled.,1. Submit once | 2. Open fill again,Custom message (with {formName} if used); button works.,Must,Respondent
UAT-INT-001,Response integrity,Enable integrity scoring,"When enabled, completed responses get quality metadata.",Integrity on for form.,1. Complete a fill | 2. Open Answers / integrity view,Score/state present; preview/test may be unscored per product rules.,Must,Creator
UAT-INT-002,Response integrity,Honeypot / bot signal,Filled honeypot contributes to review signals.,Integrity on with bot protection.,"1. As tester, fill honeypot via DOM if possible or use tool guidance | 2. Submit",Response flagged for review; not auto-deleted.,Should,Creator
UAT-INT-003,Response integrity,Attention check,Wrong attention answer affects score.,Hidden attention-check field configured.,1. Answer incorrectly | 2. Submit and review,Signal recorded; single signal alone cannot force Excluded if ethics rules apply.,Should,Creator
UAT-INT-004,Response integrity,Invitation access mode,Unique invitation links gate fill.,Access mode = invitation links; generate token.,1. Open form without token → denied | 2. Open with ?access=token → allowed,Only valid token works; reuse rules per settings.,Must,Respondent
UAT-INT-005,Response integrity,Manager override analysis state,Managers can override with reason.,Completed answer with Review state.,1. Open answer integrity | 2. Override to Trusted with reason | 3. Save,State updates; reason stored; reversible.,Should,Creator
UAT-INT-006,Response integrity,CAPTCHA / Turnstile on submit,Bot protection when enabled.,CAPTCHA enabled for form.,1. Open fill as participant | 2. Submit without completing CAPTCHA | 3. Complete and submit,Blocked then allowed after CAPTCHA.,Must,"Participant,Creator"
UAT-INT-007,Response integrity,Quality score on answers,Scores appear for managers when enabled.,Integrity scoring on; ≥1 answer.,1. Submit | 2. Open integrity / answer detail,Score/flags visible; can mark exclude.,Must,Creator
UAT-PNL-001,Panels & waves,Create panel and add members,Panels hold members for wave invites.,Panels permission.,1. Open Panels | 2. Create panel | 3. Add member by email/account,Member listed; can receive invites.,Must,Creator
UAT-PNL-002,Panels & waves,Open wave and invite,Wave open sends/allows invite links.,Longitudinal or survey with Use waves; panel attached.,1. Create wave | 2. Open wave | 3. Invite member | 4. Member opens personal link,Member can fill for that wave only once.,Must,Creator
UAT-PNL-003,Panels & waves,Wave 2 requires panel token,Later waves are not open public fill.,Wave 1 complete; Wave 2 open.,1. Try public form URL for wave 2 | 2. Use invite token,Public path blocked or incomplete; token works.,Must,Respondent
UAT-PNL-004,Panels & waves,Panel enrolment on complete,Completers can be added to enrolment panel.,Enrol settings: existing panel; form collects email.,1. Submit with email | 2. Check panel membership,Member appears / completion recorded per settings.,Should,Creator
UAT-RND-001,Consensus rounds,One response per round,Cannot submit twice in same round.,Consensus form; round open.,1. Submit in round 1 | 2. Open again,Blocked or edit rules per settings; round advances only when configured.,Must,Respondent
UAT-APR-001,Project approval,Submit for review and approve,Stages gate catalogue publication.,Project form with one approval stage; approver user.,1. Respondent submits record | 2. Approver approves | 3. Check catalogue,Appears in catalogue only after approval; decision log updated.,Must,Creator
UAT-APR-002,Project approval,Request changes,Approver can send back for edits.,Item in review.,1. Request changes with comment | 2. Author edits and resubmits,Status reflects changes requested; comment visible.,Should,Creator
UAT-TRN-001,Translations,Enable second language and translate,Fill language switcher uses enabled languages.,Languages: en-GB + fr (or available).,1. Enable FR on Settings → Languages | 2. Translations tab: translate a label | 3. Fill and switch language,Switcher shows FR; translated label appears; missing strings fall back to source.,Must,Creator
UAT-TRN-002,Translations,RTL language,Arabic/Urdu enable RTL layout.,Arabic or Urdu enabled and partially translated.,1. Switch fill language to AR/UR,Page direction RTL; content readable.,Should,Respondent
UAT-TRN-003,Translations,Export/import translation CSV,Overlays import without replacing questions.,Form with fields; export translations.,1. Export translation file | 2. Edit a string | 3. Import,Overlay updates; question structure unchanged.,Should,Creator
UAT-SHR-001,Share & preview,Live link vs preview link,Preview answers are tests excluded from results.,Form saved Open.,1. Submit via Preview link | 2. Submit via live link | 3. Check dashboard counts,Preview not in totals; live counted.,Must,Creator
UAT-SHR-002,Share & preview,Copy share URL,Share tab provides copyable https URL.,Form saved.,1. Settings → Share | 2. Copy link | 3. Open in private window,Link opens fill; guest rules apply.,Must,Creator
UAT-SHR-006,Share & preview,Question CSV import append vs replace,Import can append or replace-all.,Form with fields; sample CSV available.,1. Export questions | 2. Import append → count increases | 3. Import replace (confirm) → replaced,Append adds; replace wipes previous questions after confirm.,Must,Creator
UAT-SHR-007,Share & preview,Public dashboard link,Optional public aggregate dashboard.,Share dashboard without sign-in on.,1. Enable and save | 2. Open dashboard URL logged out,Aggregates visible; individual answers/CSV still protected.,Should,Respondent
UAT-SHR-008,Share & preview,Regenerate preview link,Old preview token invalidated when regenerated.,Preview link exists.,1. Copy old link | 2. Regenerate | 3. Try old and new,New works; old fails or revoked.,Should,Creator
UAT-SHR-009,Share & preview,Embed / share poll,Poll embed path works when applicable.,Quick poll Open.,1. Use share/embed snippet | 2. Vote,Vote recorded; results display per settings.,Should,"Creator,Participant"
UAT-VER-001,Versions,Save creates revision,Every studio save creates a revision.,Versioning module enabled for Forms.,1. Change a label | 2. Save | 3. Open Versions,New revision listed with timestamp.,Must,Creator
UAT-VER-002,Versions,Publish edition required for Open,Participants use published edition.,Versioning on; unpublished changes.,1. Edit draft fields | 2. Do not publish | 3. Fill live link | 4. Publish then fill again,Live fill uses last published edition until new publish.,Must,Respondent
UAT-VER-003,Versions,Restore revision to draft,Restore does not change live edition until publish.,Two revisions exist.,1. Restore older revision | 2. Check builder | 3. Confirm live fill unchanged until publish,Draft matches restored snapshot; live edition unchanged.,Must,Creator
UAT-FIL-001,Fill experience,Multi-page progress and page numbers,Display settings control chrome.,Multi-page; progress and page numbers Show.,1. Open fill | 2. Move between pages,Progress and page indicator update.,Must,Respondent
UAT-FIL-002,Fill experience,File upload field,Uploaded files stored and linked from answers.,File field on form; Open.,1. Upload allowed file type | 2. Submit | 3. Open answer detail,File accessible to managers; CSV references file not binary.,Should,Respondent
UAT-FIL-003,Fill experience,Grid / ranking / rating types,Research/choice advanced types collect structured answers.,"Form includes grid_single, ranking, rating.",1. Complete each type | 2. Submit | 3. View answer / CSV,Values stored coherently; no JS console errors.,Must,Respondent
UAT-FIL-004,Fill experience,Closed form rejects submit,Closed status stops new responses.,Form Closed.,1. Open fill link | 2. Attempt submit,Message that form is closed; no new complete answer.,Must,Respondent
UAT-ANS-001,Answers & dashboard,Answers list and detail,Managers with view permission see answers.,At least one complete non-test answer.,1. Open Answers | 2. Open detail,Fields shown; test answers excluded from default counts.,Must,Creator
UAT-ANS-002,Answers & dashboard,Dashboard totals,Dashboard shows completes (and incompletes if kept).,Several completes; one incomplete if keep-incomplete on.,1. Open Dashboard,Counts match; charts render for poll/waves when applicable.,Must,Creator
UAT-ANS-003,Answers & dashboard,CSV export answers,Answers CSV uses Settings → Export (columns and Scrub PII). Export headers (label vs variable) stay on the Answers page.,Completed live answers exist.,"1. Answers → Export CSV | 2. Open in a spreadsheet | 3. If Scrub PII is on, confirm the button reads Export CSV (PII scrubbed) and the filename ends with -scrubbed.csv","Live rows only (preview excluded). Quality/integrity columns are always present (often blank if integrity is off). File questions export the filename, not the file. Omitted columns match Settings → Export. Header mode is chosen only on Answers.",Must,Creator
UAT-ANS-004,Answers & dashboard,Keep incomplete responses,"In-progress answers are stored when Keep incomplete is on, and they appear in the normal answers CSV.",Keep incomplete on; abandon mid-form.,"1. Start fill, leave | 2. Check dashboard in-progress count | 3. Answers → Export CSV",In-progress appears on the dashboard and in the CSV Status column as In progress. There is no separate incompletes export. Export including excluded is for integrity exclusions only.,Should,Creator
UAT-PER-001,Permissions,Space Create vs Manage vs Answer,"Permissions separate create, manage, answer, view answers.",Two test users with different space perms.,"1. User A Create only — can create, limited manage | 2. User B Answer only — can fill not edit studio | 3. User C View answers — answers/dashboard only",Each role matches permission matrix.,Must,Admin
UAT-PER-002,Permissions,Global vs space forms,Global forms use network permissions.,Global forms enabled.,1. Create global form | 2. Fill as user with global answer perm | 3. User without perm denied,"Access follows global permissions, not space.",Must,Admin
UAT-PER-003,Permissions,Folder does not grant access,Folders organise; ACL is separate.,Form in folder; user without view answers.,1. Place form in folder | 2. User without permission tries Answers,Still denied despite folder membership.,Should,Admin
UAT-UI-001,Studio UI,Two tabs Form builder and Settings,Settings left rail holds all config sections.,Any form studio.,"1. Confirm only Form builder and Settings top tabs | 2. Open Settings → End of survey, Response integrity, Share, Export, Versions",All reachable from Settings rail; Export is in the Publish group next to Share; builder still has the field palette.,Must,Creator
UAT-UI-002,Studio UI,Settings ? guides work,Guidance toggles open help text.,Settings → Basics and Participant display.,1. Click ? on several fields | 2. Click again to close,Panel opens/closes; no double-toggle flash.,Must,Creator
UAT-UI-003,Studio UI,Settings save does not wipe fields,Saving from Settings must keep all builder fields.,Form with many fields (e.g. 20+).,1. Note field count | 2. Change a setting only | 3. Save | 4. Return to builder,Field count unchanged; content intact.,Must,Creator
UAT-UI-004,Studio UI,Export in Settings Publish group,"Answers CSV column choice lives under Settings → Export, in the Publish group next to Share.",Any saved form studio.,"1. Open Settings | 2. In Publish group open Export (next to Share) | 3. Confirm Share still present | 4. Untick one metadata column, leave Scrub PII off, Save form | 5. Reopen Export","Export pane opens from the rail. Saved ticks persist. The pane hint says this applies to Answers, Dashboard, and Response integrity, and that header labels are still chosen on Answers.",Must,Creator
UAT-CSS-001,CSS & themes,Apply a named theme to a form,Themes set shared colours and typography.,At least one theme exists in module settings.,1. Open Settings → Quality & style / CSS | 2. Choose a theme | 3. Save | 4. Open Preview,Fill page uses theme colours; no console errors.,Must,Creator
UAT-CSS-002,CSS & themes,Custom CSS overrides,Per-form CSS can override theme rules.,Form with a theme applied.,1. Add custom CSS that changes a visible element (e.g. question label colour) | 2. Save | 3. Preview,Custom rule wins over theme for that selector.,Must,Creator
UAT-CSS-003,CSS & themes,Style colour pickers,Studio style fields map to CSS variables / selectors.,Form open in Settings → style.,1. Change primary / help text colour | 2. Save | 3. Preview,Colours match on fill page.,Should,Creator
UAT-CSS-004,CSS & themes,Update shared theme,Editing a theme updates forms using it.,Two forms use the same theme.,1. Edit theme in Administration → Forms settings | 2. Change a colour | 3. Preview both forms,Both forms reflect the new theme colour (unless form override).,Should,"Admin,Creator"
UAT-CSS-005,CSS & themes,Clear custom CSS,Removing CSS restores theme/default look.,Form has custom CSS.,1. Clear CSS box | 2. Save | 3. Preview,Custom styles gone; theme/default remains.,Should,Creator
UAT-CTX-001,Context,Space form permissions,Space Create/Manage/Answer permissions enforce access.,Space with restricted permissions.,1. User without Create tries New form | 2. User without Answer opens fill,Forbidden or hidden as designed.,Must,"Admin,Participant"
UAT-CTX-002,Context,Network/global form,Global forms managed under Administration / network Forms.,CreateGlobalForm permission.,1. Create global form | 2. Open fill URL | 3. Submit,Works without space membership when allowed.,Must,"Creator,Participant"
UAT-EML-001,Email,Email template CRUD,Templates reusable for panel invites.,Manage panels/email permission.,1. Create template | 2. Edit | 3. Delete,CRUD works; placeholders documented.,Should,Creator
UAT-EML-002,Email,Panel invite email,Invite sends with form link.,Panel with member email; wave open.,1. Send invite | 2. Open link from email body,Land on correct form; token accepted.,Must,"Creator,Participant"
UAT-EXP-001,Export,Export answers CSV,Default answers CSV includes metadata and every question until Settings → Export excludes columns.,Form with ≥2 completed live answers; Scrub PII off; no columns excluded.,1. Answers → Export CSV | 2. Open file,"One row per live answer. Columns include Answer ID, Status, User, timestamps, quality/integrity fields, and each question (plus Comment columns where justification is on). Filename is form-{id}-{timestamp}.csv without -scrubbed.",Must,Creator
UAT-EXP-002,Export,Export answers respects filters,"Answers Export CSV applies integrity and minimum-score filters from the list. Status and search are not passed to the download. The file includes every matching row, not only the current page.",Several answers with different quality statuses or scores.,"1. On Answers, set Integrity or Score n+ | 2. Export CSV | 3. Optionally filter Status or Search and export again",Integrity/score filters change the row count to match that filtered set (all pages). Status and search do not change the download. Pagination does not limit the file.,Should,Creator
UAT-EXP-003,Export,Export questions JSON,"Question JSON is a structure export from Settings → Share, not Settings → Export.",Form with pages and option fields.,1. Settings → Share → Export JSON (questions) | 2. Inspect,"Types, options, pages, logic present. Answers column ticks and Scrub PII do not change this file.",Must,Creator
UAT-EXP-004,Export,Export questions CSV,"Question CSV is a structure export from Settings → Share, not Settings → Export.",Form with mixed field types.,1. Settings → Share → Export CSV (questions),Columns match import docs (including pii). Special characters escaped. Settings → Export does not change this file.,Must,Creator
UAT-EXP-005,Export,Export translations CSV,"Translation CSV comes from Settings → Translations, not Settings → Export.",Multi-language form.,1. Settings → Translations → Export CSV,Keys for labels/help present per language. Settings → Export (answers columns / PII) does not change this file.,Must,Creator
UAT-EXP-006,Export,Exclude answers-CSV columns,Unticked columns are omitted from every answers CSV. New questions stay included until excluded.,Form with metadata plus ≥2 questions that have live answers. Scrub PII off.,"1. Settings → Export | 2. Untick User and one question | 3. Save | 4. Answers → Export CSV | 5. Add a new question, save, submit one answer, export again",First CSV omits User and the excluded question. New question appears in the second CSV without being excluded automatically. Justification Comment columns can be unticked separately.,Must,Creator
UAT-EXP-007,Export,Scrub PII drops identity columns,"When Scrub PII is on, identity and PII-tagged columns are omitted even if left ticked.","Form with an Email question, respondent-meta IP, a non-PII text question, and live answers. Leave identity columns ticked.","1. Settings → Export → turn Scrub PII on | 2. Save | 3. Answers → Export CSV | 4. Check filename, button label, and Export settings link","CSV omits User, Email, and IP. Non-PII text remains. Button reads Export CSV (PII scrubbed) and links to Export settings. Filename ends with -scrubbed.csv. User-agent, panel name/email, and PII-tagged fields (including file names) are also omitted if present. Email/IP still drop if you unticked Contains personal data.",Must,Creator
UAT-EXP-008,Export,Scrub PII redacts remaining free text,"Remaining cells have emails, phones, and IPs replaced; names, postcodes, and NHS numbers are left. Stored answers are unchanged.","Scrub PII on. A text question with Contains personal data off. One answer whose text includes jane.doe@example.org, 07700 900123, 192.168.0.1, Jane Smith, SW1A 1AA, and NHS 943 476 5919.",1. Answers → Export CSV | 2. Open that text cell | 3. Open the same answer in Answers detail,"CSV shows [redacted] in place of the email, UK phone, and IPv4. Jane Smith, SW1A 1AA, and 943 476 5919 remain. Answers detail still shows the original stored text.",Must,Creator
UAT-EXP-009,Export,Scrub PII locks identity columns in settings,"While scrubbing is on, identity/PII columns show locked off with a note that they will be omitted.",Settings → Export open; User and other identity columns were included.,1. Turn Scrub PII on | 2. Observe User/email/PII ticks | 3. Turn Scrub PII off without saving,"Locked columns appear off and disabled, tagged PII, with the omit note. Turning scrub off restores the previous include ticks. Select all does not re-enable locked ticks while scrub is on.",Should,Creator
UAT-EXP-010,Export,Dashboard and Integrity use the same CSV settings,"There is no per-download column picker. Answers, Dashboard, and the Response integrity dashboard share Settings → Export.",A column excluded and Scrub PII on; live answers exist.,"1. Answers → Export CSV | 2. Dashboard → Export CSV | 3. Dashboard → Response integrity → Export CSV | 4. On Answers, Export headers → Variable names, then download again",All three default downloads omit the same columns and use -scrubbed.csv. Dashboard and Integrity buttons also say Export CSV (PII scrubbed). Header mode exists only on Answers; Dashboard and Integrity always use Participant labels.,Must,Creator
UAT-EXP-011,Export,Default answers CSV until ticks or Scrub PII change,Existing forms keep a full answers CSV until a creator changes column ticks or Scrub PII.,Scrub PII off and no columns excluded (the default).,1. Answers → Export CSV without changing Export | 2. Open Settings → Export and confirm all columns ticked and Scrub PII off,Full column set; filename without -scrubbed. Saving from Builder or other Settings panes keeps that default unless you change ticks. Question JSON/CSV on Share and translation exports are unchanged.,Should,Creator
UAT-FLD-001,Field types,File upload field,Participants can attach files.,Form with file field; Open.,1. Upload allowed file type | 2. Submit | 3. Open answer,File attached and downloadable by manager.,Must,"Participant,Creator"
UAT-FLD-002,Field types,Reject disallowed file type,Validation blocks wrong MIME/extension.,File field with type limits.,1. Upload disallowed type,Error shown; submit blocked until fixed.,Should,Participant
UAT-FLD-003,Field types,Thermometer / VAS,Vertical scale stores integer value.,Thermometer field configured.,1. Set value via UI | 2. Submit | 3. Check answer,Stored value matches selection.,Must,"Participant,Creator"
UAT-FLD-004,Field types,Date and datetime fields,Date values format correctly in export.,Date field on form.,1. Pick date | 2. Submit | 3. Export,Date readable and correct timezone/format.,Should,"Participant,Creator"
UAT-FLD-005,Field types,Rich text / HTML content blocks,"Content blocks show formatting, not as questions.",HTML/rich content field.,1. Preview fill,Content renders; not counted as answerable required Q.,Should,Creator
UAT-FLD-006,Field types,Required field validation,Required empty fields block Next/Submit.,Required text field.,1. Leave empty | 2. Next/Submit,Validation message; cannot proceed.,Must,Participant
UAT-FLD-007,Field types,Checkbox multi-select,Multiple options stored.,Checkbox field.,1. Select 2+ options | 2. Submit | 3. Detail/export,All selected options present.,Must,"Participant,Creator"
UAT-FLD-008,Field types,Matrix / table field,Row-column answers store correctly.,Matrix field configured.,1. Answer each row | 2. Submit,Each cell/row value in answer detail.,Should,"Participant,Creator"
UAT-FN-001,Functions & actions,Field action runs on answer,Actions can set variables or trigger logic when a field changes.,Form with a field action configured.,1. Configure action on a radio field | 2. Preview | 3. Choose the triggering option,Action runs (variable set / UI change) without full page error.,Must,Creator
UAT-FN-002,Functions & actions,Page action on Next,Page break actions run when leaving a page.,Multi-page form with page action.,1. Fill page 1 | 2. Click Next,Action runs; next page loads as expected.,Must,Creator
UAT-FN-003,Functions & actions,Submit action,Submit actions run after successful submit.,Form with submit action (e.g. set var / message).,1. Complete and submit | 2. Observe thank-you / redirect,Submit action completed; submission saved.,Must,Creator
UAT-FN-004,Functions & actions,Action sets a variable,Variables from actions are available to later piping/logic.,Field action sets a variable.,1. Trigger action | 2. Open a later page that pipes the variable,Piped value shows the action result.,Must,Creator
UAT-FN-005,Functions & actions,Invalid action config fails safely,Bad action config must not break fill.,Ability to enter incomplete action JSON/config.,1. Save incomplete action | 2. Preview and fill,Error handled; fill still usable or clear validation on save.,Should,Creator
UAT-IMP-001,Import,Import questions CSV (append),Append adds questions without deleting existing ones.,Form with ≥1 existing field; valid questions CSV.,1. Studio → Import | 2. Upload CSV | 3. Append | 4. Save,Existing fields remain; new fields added in order.,Must,Creator
UAT-IMP-002,Import,Import questions CSV (replace),Replace requires confirmation and wipes prior fields.,Form with existing fields.,1. Import → Replace | 2. Confirm | 3. Save,Only imported fields remain; count matches CSV.,Must,Creator
UAT-IMP-003,Import,Import questions JSON,JSON export can be re-imported.,Exported questions JSON available.,1. Import JSON | 2. Save,Fields and options restored.,Should,Creator
UAT-IMP-004,Import,Import translations CSV,Translation import updates language strings.,Form with ≥2 languages enabled.,1. Export translations | 2. Edit a label | 3. Re-import | 4. Switch language on fill,Updated translation appears.,Must,Creator
UAT-IMP-005,Import,Invalid import shows errors,Bad rows must not silently wipe the form.,CSV with unknown type or missing label.,1. Import invalid file | 2. Observe messages,Clear error; existing fields unchanged if import aborted.,Must,Creator
UAT-IMP-006,Import,Download sample questions file,Sample helps authors format imports.,Creator access to studio.,1. Download sample CSV/JSON | 2. Open in spreadsheet,Sample has expected columns (including pii) and example rows.,Should,Creator
UAT-ORG-001,Organisation,Folders for forms,Forms can be grouped in folders.,Create permission.,1. Create folder | 2. Move form into folder | 3. Browse,Form appears under folder; still editable.,Should,Creator
UAT-ORG-002,Organisation,Question library insert,Library items insert into builder.,Saved library question exists.,1. Insert from library | 2. Save,Field appears on canvas with expected type.,Should,Creator
UAT-ORG-003,Organisation,Save form as template,Template reusable for new forms.,Completed form structure.,1. Save as template | 2. New form from template,New form gets fields; no answers.,Must,Creator
UAT-PG-001,Pages & navigation,Progress bar visibility,Show progress setting respected.,Multi-page; show_progress on/off.,1. Toggle setting | 2. Preview each mode,Bar visible only when enabled.,Should,Creator
UAT-PG-002,Pages & navigation,Page indicator,Page X of Y when enabled.,show_page_indicator on.,1. Preview multi-page,Indicator matches current page.,Should,Creator
UAT-PG-003,Pages & navigation,Back button preserves answers,Going back keeps entered values.,Multi-page form.,1. Fill page 1 | 2. Next | 3. Back,Page 1 values still present.,Must,Participant
UAT-PG-004,Pages & navigation,Skip page via logic,Branching can skip pages.,Page logic configured.,1. Choose branch answer | 2. Next,Skipped page not shown; totals/progress sensible.,Must,"Participant,Creator"
UAT-RES-001,Save & resume,Save progress mid-survey,Participants can leave and continue.,Resume enabled; multi-page form.,1. Fill page 1 | 2. Save progress | 3. Leave | 4. Resume,Answers restored; continue from correct page.,Must,Participant
UAT-RES-002,Save & resume,Resume via email/code,Guests can resume with code/email when enabled.,Anonymous + resume enabled.,1. Save as guest | 2. Use resume link/code,Draft loads; can complete submit.,Must,Participant
UAT-RES-003,Save & resume,Resume disabled blocks save,"When off, save UI hidden or rejected.",Resume disabled.,1. Open fill | 2. Look for save/resume,No save-progress path (or clear message).,Should,"Creator,Participant"
UAT-RSP-001,Survey responses,Open answer detail,Managers can inspect a single submission.,≥1 complete answer.,1. Answers list | 2. Open an answer,"All field values shown; metadata (time, user/guest) visible.",Must,Creator
UAT-RSP-002,Survey responses,Edit a submitted answer,Corrections are possible where permitted.,Manage permission; complete answer.,1. Edit answer | 2. Change a value | 3. Save,Updated value persists in detail and export.,Must,Creator
UAT-RSP-003,Survey responses,Delete an answer,Deletion removes submission from results.,Manage permission.,1. Delete answer | 2. Confirm | 3. Refresh list/export,"Answer gone from list, dashboard, export.",Must,Creator
UAT-RSP-004,Survey responses,Distinguish test vs live answers,Preview/test submissions must not pollute live stats if marked test.,Submit once via Preview and once live.,1. Compare Answers / dashboard filters,Test answers labelled or excluded from live metrics per product rules.,Must,Creator
UAT-RSP-005,Survey responses,In-progress answers listed,Save-and-resume drafts are visible to managers.,Resume enabled; incomplete draft exists.,1. Open Answers | 2. Find in-progress,Draft visible with status In progress.,Should,Creator
UAT-RSP-006,Survey responses,Answer notification,Creators can be notified on submit.,Notify-on-submit enabled.,1. Submit as participant | 2. Check creator notifications/email,Notification received for live submit.,Should,Creator
UAT-RSP-007,Survey responses,Dashboard reflects new answer,Dashboard aggregates update after submit.,Open form with dashboard.,1. Note counts | 2. Submit new answer | 3. Refresh dashboard,Counts/charts include new response.,Must,Creator
UAT-UX-001,Usability,Mobile fill layout,Fill usable on narrow viewport.,Open multi-field form.,1. Open fill at ~375px width | 2. Complete submit,No horizontal clip of primary controls; submit works.,Should,Participant
UAT-UX-002,Usability,Keyboard reachable controls,Main controls reachable without mouse.,Simple form.,1. Tab through fields | 2. Submit with keyboard,Focus order sensible; submit activates.,Should,Participant
UAT-MOB-001,Mobile surveys,Portrait phone completes a multi-page survey,Primary mobile path: narrow portrait viewport through Next/Back to submit.,Open multi-page survey; share/live link; phone or DevTools ~375×812.,1. Open live fill link in portrait | 2. Answer required fields on each page | 3. Use Next/Back | 4. Submit,All controls usable without horizontal page scroll; progress updates; submission succeeds and end screen appears.,Must,Participant
UAT-MOB-002,Mobile surveys,Landscape phone fill remains usable,Shorter viewport height must not hide Next/Submit behind the keyboard or chrome.,Same Open form as MOB-001; device or emulator in landscape.,1. Rotate to landscape | 2. Focus a text field (soft keyboard if real device) | 3. Scroll to Next/Submit | 4. Complete and submit,Primary actions reachable; answers not lost on rotate; submit completes.,Must,Participant
UAT-MOB-003,Mobile surveys,Tablet-width fill layout,Mid-size viewports should not look broken or oversized.,Open multi-field form; viewport ~768px wide.,1. Open fill at tablet width | 2. Complete one page of mixed field types | 3. Submit or Next,Readable column width; no clipped labels/options; touch/mouse both work.,Should,Participant
UAT-MOB-004,Mobile surveys,Touch targets for choices and actions,"Radios, checkboxes, Next, and Submit must be easy to tap without mis-hits.","Form with radio, checkbox, and at least one page action; phone portrait.",1. Tap each option deliberately | 2. Tap Next | 3. Tap Submit,Selection changes reliably; accidental double-taps do not corrupt answers; buttons respond once.,Must,Participant
UAT-MOB-005,Mobile surveys,Soft keyboard does not block Next or Submit,On-screen keyboard must not permanently hide the page footer actions.,Page with text/email field near bottom; real phone or accurate emulator.,1. Focus last text field | 2. Type an answer | 3. Dismiss or scroll to find Next/Submit | 4. Continue,Participant can reach Next/Submit without losing typed text; no unusable stuck state.,Must,Participant
UAT-MOB-006,Mobile surveys,No essential horizontal scrolling,"Labels, options, and buttons stay within the viewport width at default zoom.",Form with long labels and a matrix or multi-column-looking field if available; ~375px width.,1. Open fill at default zoom | 2. Scan each field type on the page | 3. Answer without pinching,No need to pan sideways for primary content; long text wraps; matrix scrolls inside its own area if needed.,Must,Participant
UAT-MOB-007,Mobile surveys,File upload from phone camera or gallery,Participants on phones often attach photos from camera roll.,Open form with allowed image upload field; phone browser.,1. Tap upload | 2. Choose gallery or camera photo | 3. Confirm attachment | 4. Submit,File attaches and is listed; submit stores the file; clear error if type/size disallowed.,Must,Participant
UAT-MOB-008,Mobile surveys,Matrix or grid on a narrow screen,Wide field types must remain answerable on phones.,Form includes matrix/table or grid; Open; phone portrait.,1. Open the matrix page | 2. Select cells/options for each row | 3. Next or Submit,All rows reachable; selections stick; no clipped radio that cannot be tapped.,Must,Participant
UAT-MOB-009,Mobile surveys,Ranking or drag-order on touch,Touch drag (or mobile-friendly control) must reorder items.,Form with ranking field; phone; Open.,1. Reorder items with finger | 2. Confirm new order visible | 3. Submit and check stored order,Order changes and persists after submit; works without a mouse.,Should,Participant
UAT-MOB-010,Mobile surveys,Thermometer / VAS on touch,Slider-like scales must be adjustable with a finger.,Form with thermometer/VAS; phone.,1. Drag or tap to set a value | 2. Adjust again | 3. Submit,Value updates smoothly enough to choose; stored answer matches final position.,Should,Participant
UAT-MOB-011,Mobile surveys,Date picker on mobile browsers,Native or widget date entry must work on iOS/Android browsers.,Date or datetime field; phone browser.,1. Open date control | 2. Pick a date | 3. Submit,Date accepted and shown; invalid/empty required date blocks with clear message.,Must,Participant
UAT-MOB-012,Mobile surveys,Language switcher on mobile fill,Participants change language from the fill chrome on a small screen.,Second language enabled with translations; Open form; phone.,1. Open fill | 2. Switch language | 3. Confirm labels/options update | 4. Answer and submit,Switcher tappable; content switches; RTL applies when applicable; submit succeeds.,Must,Participant
UAT-MOB-013,Mobile surveys,Save and resume code on mobile,Resume code must be copyable or emailable on a phone.,Save & resume on; multi-page Open form; phone.,1. Fill page 1 | 2. Save & continue later | 3. Copy or note code on phone | 4. Leave and resume with code | 5. Finish submit,Code visible and usable; answers restored; completion works.,Must,Participant
UAT-MOB-014,Mobile surveys,Guest share link on mobile,Anonymous/guest participants often arrive from SMS or email on a phone.,Anonymous allowed (or guest permitted); Open; share URL; signed-out phone browser.,1. Open share URL while signed out | 2. Complete survey | 3. Submit,Fill loads without forcing unnecessary login; submission recorded; thank-you or redirect shown.,Must,Participant
UAT-MOB-015,Mobile surveys,Thank-you and redirect on mobile,End-of-survey paths must work in mobile browsers (including in-app browsers).,One form in message mode with button; another or setting for redirect mode; phone.,1. Submit message-mode form | 2. Read thank-you and tap button | 3. Submit redirect-mode form,Thank-you readable; button works; redirect lands on configured URL without desktop-only breakage.,Must,Participant
UAT-MOB-016,Mobile surveys,Orientation change keeps answers,Rotating the device mid-page must not wipe in-progress answers.,Multi-field page; phone.,1. Answer several fields | 2. Rotate portrait↔landscape | 3. Confirm answers still present | 4. Submit,Answers preserved across orientation change; no forced restart.,Must,Participant
UAT-MOB-017,Mobile surveys,Map question usable on mobile,"If Mapping is enabled, pin/search must work with touch.",Thiscovery Mapping installed/enabled; Open form with map field; phone.,1. Open map question | 2. Pan/zoom and place or search a location | 3. Submit,Map interacts with touch; location saved; clear error if required and empty. Skip if Mapping off.,Should,Participant
UAT-MOB-018,Mobile surveys,CAPTCHA or Turnstile on mobile submit,Bot checks must be completable on a phone screen.,CAPTCHA/Turnstile enabled on form; phone.,1. Fill required answers | 2. Attempt submit before challenge | 3. Complete challenge | 4. Submit,"Blocked until challenge done; after success, submission accepted.",Must,Participant
UAT-MOB-019,Mobile surveys,Hide HumHub header focused mobile fill,Headerless fill is common for email/SMS and kiosk-like mobile tasks.,Hide HumHub header on; Open form; phone.,1. Open live fill link | 2. Confirm site header/space menu absent | 3. Complete and submit,Focused fill chrome only; survey fully usable; submit and end screen work.,Should,Participant
UAT-MOB-020,Mobile surveys,Poll embed or share on mobile,Quick polls embedded or shared must be tappable on phones.,Open poll; embed or share path available; phone.,1. Open poll on mobile | 2. Select option | 3. Submit/vote | 4. View results if enabled,Vote registers once (unless multiple allowed); results readable on narrow screen.,Should,Participant
UAT-PAR-001,Participant journey,Open live share link as signed-in member,Members reach the published survey from the share/live URL.,Form Open with published edition; participant has Answer permission where required.,1. Sign in as participant | 2. Open live share URL | 3. Confirm questions load | 4. Submit,Published edition shown (not unpublished draft-only content); submission stored against user.,Must,Participant
UAT-PAR-002,Participant journey,Find and open form from space side menu,"When Show in side menu is on, participants discover the form in the space.",Space form; Show in side menu on; Open; participant is space member.,1. Enter space as participant | 2. Open form from side menu | 3. Fill and submit,Menu entry visible; fill opens; submit succeeds.,Must,Participant
UAT-PAR-003,Participant journey,Guest cannot use draft-only unpublished form,Participants must not fill unpublished working drafts via live link.,Form Draft or Open without required published edition as configured; guest or participant live URL.,1. Open live URL while form is not properly Open/published | 2. Observe message,Fill blocked or unavailable with clear status; no silent accept of answers against wrong edition.,Must,Participant
UAT-PAR-004,Participant journey,Continue saved response vs start new,"When resume is on, opening the form offers continue or start new.",Save & resume on; participant has in-progress saved response.,1. Open form | 2. Choose continue | 3. Confirm restored answers | 4. Re-open and choose start new if offered,Continue restores progress; start new begins empty (and does not mix old answers unexpectedly).,Must,Participant
UAT-PAR-005,Participant journey,Required validation messages are clear,Participants understand what to fix when submit/Next fails.,Page with required fields left empty; Open.,1. Leave required empty | 2. Click Next or Submit | 3. Fix highlighted fields | 4. Continue,Clear required messaging; focus/scroll to issues on mobile and desktop; proceeds after fix.,Must,Participant
UAT-PAR-006,Participant journey,Conditional question appears after answer,Show-if logic from the participant’s perspective.,Field B show-if equals answer on A; Open.,1. Answer A with non-trigger value — B hidden | 2. Change A to trigger — B appears | 3. Answer B and submit,B visibility follows A immediately; hidden B not required; submit stores visible answers correctly.,Must,Participant
UAT-PAR-007,Participant journey,Piped text shows participant’s earlier answer,Labels that pipe prior answers must reflect what the participant typed/chose.,Later question label pipes earlier answer; Open.,1. Answer source question | 2. Go to piped question | 3. Confirm label includes their answer,Piped text matches participant input (label vs code per configuration).,Must,Participant
UAT-PAR-008,Participant journey,Page branch skips irrelevant pages,Participants should land on the correct next page after a branch.,Page branch go-to configured; Open multi-page form.,1. Choose branch answer | 2. Next | 3. Confirm skipped pages not shown | 4. Finish,Correct page sequence; Back behaves sensibly; final submit stores path taken.,Must,Participant
UAT-PAR-009,Participant journey,Already submitted message for participant,"When multiple submissions are off, returning participants see the configured message.",Multiple submissions off; participant already submitted; already-submitted message configured.,1. Open form again as same participant | 2. Read message | 3. Use button if shown,Already-submitted content shown instead of a blank new form; button works if configured.,Must,Participant
UAT-PAR-010,Participant journey,Edit after submit when allowed,Participants can reopen and change answers if Edit after submit is on.,Edit after submit on; prior submission exists.,1. Open form | 2. Change an answer | 3. Save/submit again | 4. Confirm updated answers in results (creator check),Prior answers loaded; update accepted; results reflect change.,Should,Participant
UAT-PAR-011,Participant journey,Second submission when multiples allowed,Participants can submit again when Allow multiple submissions is on.,Multiple submissions on; one submission already done.,1. Open form again | 2. Complete a new response | 3. Submit,New response accepted; both appear in answers list.,Must,Participant
UAT-PAR-012,Participant journey,Closed form while participant is mid-fill,Closing the form should stop new completion cleanly.,Participant has fill open; creator sets status Closed (or window ends).,1. Start filling | 2. Creator closes form | 3. Participant tries Next/Submit,Submit rejected with clear closed message; no corrupt partial as completed.,Must,"Participant,Creator"
UAT-PAR-013,Participant journey,Invitation-only access without token,Participants without a valid invite cannot fill invitation-gated forms.,Invitation access mode on; Open form.,1. Open form URL without invite token | 2. Observe | 3. Open with valid invite link,Blocked without token; allowed with valid invite; submit works on invite path.,Must,Participant
UAT-PAR-014,Participant journey,Panel wave 2 invite on phone,Longitudinal participants open wave invites from mobile email.,Panel wave 2 open; participant has invite link/token; phone.,1. Open wave invite on phone | 2. Complete wave form | 3. Submit,Token accepted; correct wave form shown; response tied to panel member/wave.,Must,Participant
UAT-PAR-015,Participant journey,Progress and page numbers guide completion,Participants rely on progress chrome to know how far they are.,Multi-page; progress and/or page numbers set to Show.,1. Open fill | 2. Advance pages | 3. Note progress/page indicator,Indicator updates each page; does not show misleading 100% before last page.,Should,Participant
UAT-PAR-016,Participant journey,Back preserves answers across pages,Participants often revise earlier pages before submit.,Multi-page Open form.,1. Answer page 1 | 2. Next | 3. Answer page 2 | 4. Back | 5. Confirm page 1 answers | 6. Forward and submit,Answers on both pages retained; no silent wipe.,Must,Participant
UAT-PAR-017,Participant journey,Anonymous submission does not expose identity UI,"When anonymous is allowed, guests should not be forced through account UI unnecessarily.",Anonymous on; guest fill permitted by site; Open.,1. Sign out | 2. Open share link | 3. Complete and submit,Survey completable as guest; thank-you shown; answer stored as anonymous per settings.,Must,Participant
UAT-PAR-018,Participant journey,Incomplete leave without saving,Leaving without Save & continue later should not claim a finished response.,Resume optional; multi-page form; keep incomplete setting known.,1. Fill partial page | 2. Close tab without save/submit | 3. Creator checks answers list,No completed response created; incomplete only appears if product intentionally keeps it.,Should,"Participant,Creator"
UAT-PAR-019,Participant journey,Switch language mid-survey then finish,Participants may change language after starting.,Two languages with translations; Open multi-page.,1. Start in default language | 2. Answer page 1 | 3. Switch language | 4. Continue and submit,Prior answers kept; later chrome/questions in new language; submit succeeds.,Should,Participant
UAT-PAR-020,Participant journey,Go-to-end skips remaining questions,Early exit logic should end the survey from the participant’s view.,Go to end if configured; Open.,1. Choose triggering answer | 2. Next/Submit path | 3. Land on end/thank-you,Remaining pages skipped; completion recorded per rules; no forced empty required pages.,Must,Participant
UAT-PAR-021,Participant journey,Network/global form fill outside a space,"Global forms are opened from network share links, not only space menus.",Network/global Open form; participant account allowed.,1. Open global live URL | 2. Complete | 3. Submit,Form loads outside space context; submission appears in global answers.,Must,Participant
UAT-PAR-022,Participant journey,Attention check as participant,Integrity attention checks must be understandable and enforceable.,Attention check configured; Open.,1. Reach attention item | 2. Answer incorrectly | 3. Retry or finish per rules | 4. Answer correctly and submit,Incorrect handling matches integrity settings (flag/block); correct path can complete.,Should,Participant
